S001,Federico,Bianco
S002,Martina,Moro
S003,Patrizia,Rossi
S004,Francesco,Palmieri
S005,Alessandro,Galli
S006,Valentina,Moro
S007,Elisa,Marino
S008,Roberto,D'Angelo
S009,Martina,Serra
S010,Maria,Coppola
S011,Antonio,Ferri
S012,Chiara,Lombardi
S013,Laura,Bianco
S014,Mario,Ricci
S015,Giovanni,Palmieri
S016,Antonio,Conti
S017,Gianna,Ferrara
S018,Simone,Gallo
S019,Anna,Martini
S020,Silvia,De Luca
S021,Valentina,Serra
S022,Stefano,Rinaldi
S023,Roberto,Greco
S024,Giulia,Bianchi
S025,Veronica,Greco
S026,Francesca,Fontana
S027,Luigi,Galli
S028,Alessio,Moro
S029,Lucia,Greco
S030,Luca,Ferrara
S031,Francesco,Coppola
S032,Antonio,Romano
S033,Federico,Barbieri
S034,Luigi,Bruno
S035,Davide,Bruno
S036,Matteo,Longo
S037,Chiara,Esposito
S038,Giuseppe,Moretti
S039,Michele,Martini
S040,Roberto,Moretti
S041,Roberto,Russo
S042,Alessandro,Barbieri
S043,Chiara,Ferri
S044,Monica,Fontana
S045,Giulia,Coppola
S046,Patrizia,Galli
S047,Elisa,Palmieri
S048,Simone,Conti
S049,Francesca,Russo
S050,Giorgio,Moro
